{"cameraMode":{"drawMode":0,"name":"Shaded","section":"Shading Mode"},"sceneLighting":true,"audioPlay":false,"sceneViewState":{"m_AlwaysRefresh":false,"showFog":true,"showSkybox":true,"showFlares":true,"showImageEffects":true,"showParticleSystems":true,"showVisualEffectGraphs":true,"m_FxEnabled":true},"in2DMode":false,"pivot":{"x":10.090124130249024,"y":-44.77325439453125,"z":50.73523712158203},"rotation":{"x":0.3488942086696625,"y":0.09471426159143448,"z":-0.035468149930238727,"w":0.9316897392272949},"size":35.35533905029297,"orthographic":false}